coupon_id,campaign_name,discount_pct
1,NewUser,15
2,Festival,15
3,Festival,5
4,Referral,15
5,Referral,20
6,Referral,5
7,Festival,10
8,Festival,20
9,FlashSale,10
10,Weekend,10
11,Weekend,25
12,Referral,15
13,FlashSale,10
14,Weekend,15
15,Referral,25
16,FlashSale,25
17,Weekend,15
18,NewUser,25
19,Referral,20
20,Festival,15
21,Weekend,10
22,Referral,5
23,Festival,20
24,NewUser,15
25,Referral,25
26,Weekend,15
27,Referral,20
28,FlashSale,10
29,Weekend,25
30,Festival,5
31,Festival,5
32,NewUser,10
33,Referral,25
34,NewUser,25
35,FlashSale,5
36,Festival,15
37,Weekend,25
38,NewUser,10
39,Festival,5
40,Referral,10
41,Referral,25
42,Festival,25
43,Festival,25
44,NewUser,5
45,Referral,5
46,NewUser,25
47,Festival,25
48,Referral,25
49,Weekend,10
50,Weekend,10
51,NewUser,15
52,FlashSale,10
53,FlashSale,15
54,Festival,15
55,Referral,25
56,NewUser,20
57,Referral,20
58,Weekend,15
59,NewUser,5
60,Referral,20
61,Festival,15
62,Festival,25
63,Referral,10
64,Referral,5
65,Weekend,20
66,Weekend,15
67,FlashSale,25
68,FlashSale,10
69,Weekend,5
70,Referral,15
71,Festival,5
72,Festival,25
73,Weekend,5
74,FlashSale,5
75,Referral,25
76,Referral,25
77,FlashSale,25
78,Weekend,5
79,Weekend,5
80,Weekend,15
81,FlashSale,15
82,Festival,15
83,Festival,25
84,FlashSale,5
85,NewUser,5
86,Weekend,15
87,Festival,10
88,Referral,15
89,NewUser,15
90,NewUser,15
91,NewUser,20
92,NewUser,15
93,FlashSale,10
94,NewUser,15
95,NewUser,15
96,FlashSale,15
97,Referral,15
98,Referral,15
99,Weekend,15
100,Weekend,10
101,Festival,15
102,FlashSale,5
103,Festival,25
104,Weekend,20
105,Referral,25
106,Weekend,5
107,NewUser,25
108,Festival,5
109,FlashSale,15
110,Weekend,20
111,Weekend,5
112,FlashSale,15
113,NewUser,5
114,Festival,5
115,Weekend,5
116,Referral,5
117,NewUser,5
118,Referral,10
119,Festival,25
120,FlashSale,25
121,NewUser,5
122,FlashSale,15
123,Referral,5
124,Weekend,20
125,Weekend,10
126,NewUser,20
127,Referral,10
128,FlashSale,15
129,NewUser,5
130,Referral,5
131,Referral,15
132,NewUser,25
133,Weekend,15
134,Festival,5
135,NewUser,5
136,Festival,10
137,FlashSale,25
138,Weekend,25
139,FlashSale,25
140,Referral,5
141,NewUser,25
142,FlashSale,25
143,NewUser,15
144,FlashSale,10
145,Referral,15
146,Weekend,5
147,NewUser,20
148,FlashSale,5
149,Referral,15
150,NewUser,20
151,Referral,15
152,FlashSale,15
153,NewUser,5
154,FlashSale,25
155,NewUser,10
156,Weekend,15
157,Weekend,5
158,Weekend,25
159,FlashSale,20
160,Festival,5
161,FlashSale,20
162,Weekend,5
163,FlashSale,10
164,FlashSale,25
165,NewUser,5
166,Referral,20
167,Referral,25
168,Referral,10
169,Referral,5
170,Festival,15
171,Referral,5
172,FlashSale,10
173,NewUser,25
174,Festival,25
175,NewUser,15
176,Festival,5
177,Festival,5
178,Festival,5
179,Weekend,5
180,FlashSale,15
181,FlashSale,15
182,Referral,15
183,FlashSale,25
184,Festival,5
185,Referral,20
186,NewUser,5
187,Festival,10
188,NewUser,25
189,Referral,10
190,Referral,5
191,NewUser,5
192,Festival,5
193,Weekend,20
194,Referral,15
195,NewUser,10
196,Weekend,20
197,Referral,10
198,NewUser,20
199,FlashSale,5
200,NewUser,5
201,FlashSale,5
202,Weekend,10
203,NewUser,10
204,Festival,25
205,Festival,10
206,Weekend,25
207,Weekend,25
208,Weekend,10
209,FlashSale,10
210,Referral,15
211,Festival,15
212,Referral,10
213,Referral,10
214,Festival,25
215,FlashSale,15
216,Weekend,5
217,NewUser,20
218,Festival,10
219,Weekend,15
220,NewUser,5
221,Festival,25
222,FlashSale,25
223,NewUser,20
224,Weekend,25
225,Referral,5
226,Weekend,25
227,Festival,25
228,FlashSale,15
229,NewUser,5
230,Referral,20
231,Referral,5
232,Weekend,20
233,FlashSale,10
234,FlashSale,10
235,NewUser,10
236,Weekend,15
237,Referral,15
238,Referral,10
239,FlashSale,15
240,FlashSale,20
241,NewUser,10
242,Festival,10
243,NewUser,25
244,FlashSale,20
245,Festival,15
246,FlashSale,25
247,Referral,5
248,Referral,15
249,NewUser,5
250,Weekend,20
251,Weekend,25
252,Referral,10
253,FlashSale,15
254,FlashSale,20
255,NewUser,20
256,FlashSale,20
257,NewUser,15
258,Festival,10
259,Festival,15
260,FlashSale,5
261,NewUser,15
262,NewUser,20
263,Weekend,10
264,NewUser,20
265,Referral,10
266,Weekend,10
267,Referral,10
268,Referral,5
269,Weekend,15
270,Festival,10
271,NewUser,15
272,FlashSale,20
273,Referral,20
274,Festival,20
275,Referral,25
276,Referral,5
277,NewUser,15
278,NewUser,25
279,Festival,25
280,Festival,20
281,NewUser,5
282,FlashSale,25
283,NewUser,15
284,Festival,5
285,FlashSale,10
286,NewUser,20
287,Festival,5
288,Weekend,20
289,Weekend,15
290,Weekend,10
291,FlashSale,15
292,FlashSale,5
293,Weekend,25
294,Festival,15
295,Festival,15
296,FlashSale,10
297,NewUser,25
298,Referral,25
299,FlashSale,25
300,NewUser,20
301,FlashSale,20
302,Festival,15
303,Festival,5
304,FlashSale,15
305,Referral,5
306,NewUser,20
307,Referral,5
308,FlashSale,25
309,Weekend,25
310,Weekend,5
311,Referral,5
312,Festival,5
313,Festival,20
314,FlashSale,25
315,NewUser,5
316,Weekend,20
317,Weekend,10
318,FlashSale,5
319,NewUser,10
320,Festival,15
321,Weekend,25
322,Festival,20
323,Festival,10
324,Referral,20
325,Festival,15
326,NewUser,5
327,Weekend,5
328,Weekend,25
329,Weekend,25
330,NewUser,10
331,Referral,10
332,Weekend,25
333,FlashSale,10
334,Festival,15
335,Weekend,20
336,NewUser,5
337,Referral,20
338,Referral,10
339,Festival,15
340,Festival,25
341,Weekend,15
342,Referral,10
343,Referral,15
344,FlashSale,20
345,Festival,15
346,Referral,10
347,Weekend,25
348,Weekend,20
349,Festival,5
350,NewUser,5
351,Referral,10
352,Referral,15
353,Festival,10
354,Weekend,15
355,Referral,15
356,FlashSale,5
357,NewUser,10
358,Festival,25
359,FlashSale,15
360,Weekend,20
361,Referral,15
362,NewUser,15
363,Festival,10
364,NewUser,25
365,Festival,15
366,NewUser,5
367,Referral,10
368,FlashSale,10
369,Referral,15
370,NewUser,25
371,Weekend,5
372,Festival,15
373,Weekend,25
374,Weekend,25
375,Weekend,20
376,Festival,10
377,Referral,25
378,NewUser,20
379,Weekend,10
380,Referral,15
381,Weekend,10
382,Referral,10
383,Referral,25
384,NewUser,25
385,NewUser,15
386,FlashSale,20
387,Referral,15
388,Weekend,20
389,Referral,25
390,FlashSale,5
391,FlashSale,15
392,Festival,10
393,FlashSale,15
394,Referral,25
395,NewUser,5
396,NewUser,15
397,Festival,25
398,NewUser,25
399,Referral,25
400,FlashSale,20
401,Festival,20
402,Festival,20
403,Referral,10
404,Referral,15
405,NewUser,10
406,Festival,10
407,NewUser,15
408,Referral,20
409,NewUser,10
410,FlashSale,20
411,Weekend,25
412,Referral,15
413,Festival,10
414,FlashSale,15
415,Weekend,15
416,Festival,15
417,Referral,15
418,Festival,10
419,Referral,15
420,Referral,20
421,Festival,25
422,Weekend,15
423,Referral,20
424,Festival,15
425,Festival,15
426,Weekend,25
427,Weekend,20
428,FlashSale,20
429,Weekend,25
430,Weekend,25
431,Festival,5
432,Referral,5
433,Weekend,5
434,Referral,10
435,NewUser,10
436,FlashSale,5
437,NewUser,20
438,Referral,20
439,FlashSale,25
440,Festival,20
441,Referral,5
442,Referral,10
443,Weekend,10
444,FlashSale,20
445,Festival,20
446,NewUser,20
447,NewUser,10
448,Weekend,10
449,NewUser,5
450,FlashSale,10
451,FlashSale,15
452,NewUser,20
453,Festival,20
454,Weekend,10
455,FlashSale,15
456,Weekend,10
457,Referral,20
458,Festival,15
459,Festival,20
460,Referral,15
461,Referral,20
462,NewUser,15
463,Festival,25
464,Festival,5
465,Festival,25
466,Weekend,10
467,Weekend,10
468,FlashSale,20
469,Referral,20
470,FlashSale,20
471,Festival,5
472,NewUser,15
473,Festival,20
474,Weekend,25
475,Referral,10
476,Referral,20
477,NewUser,15
478,FlashSale,25
479,Referral,5
480,FlashSale,5
481,Weekend,5
482,NewUser,5
483,Festival,15
484,FlashSale,20
485,Referral,10
486,Festival,20
487,Referral,5
488,FlashSale,15
489,NewUser,15
490,Referral,15
491,FlashSale,10
492,Referral,20
493,FlashSale,20
494,NewUser,25
495,Weekend,25
496,NewUser,10
497,FlashSale,25
498,Weekend,25
499,FlashSale,5
500,NewUser,20
501,NewUser,20
502,Referral,5
503,Festival,20
504,Weekend,10
505,Weekend,10
506,Referral,5
507,NewUser,10
508,Festival,20
509,FlashSale,25
510,FlashSale,20
511,NewUser,5
512,Referral,15
513,FlashSale,15
514,FlashSale,20
515,Festival,15
516,Weekend,20
517,FlashSale,15
518,FlashSale,20
519,Festival,15
520,Festival,10
521,Referral,10
522,FlashSale,15
523,FlashSale,10
524,Weekend,20
525,NewUser,5
526,FlashSale,10
527,NewUser,5
528,Weekend,15
529,Festival,20
530,NewUser,20
531,NewUser,25
532,FlashSale,5
533,NewUser,10
534,FlashSale,5
535,Referral,15
536,Referral,10
537,Weekend,10
538,Weekend,25
539,Weekend,15
540,Weekend,25
541,NewUser,10
542,Referral,20
543,Festival,25
544,FlashSale,20
545,NewUser,15
546,Referral,5
547,Referral,20
548,FlashSale,15
549,Festival,20
550,Festival,5
551,Festival,5
552,NewUser,10
553,Festival,25
554,Referral,25
555,Festival,15
556,Referral,25
557,Weekend,20
558,Weekend,25
559,Festival,15
560,Festival,10
561,FlashSale,5
562,NewUser,15
563,FlashSale,15
564,FlashSale,25
565,Weekend,15
566,Weekend,10
567,Festival,15
568,Referral,10
569,Referral,20
570,Referral,10
571,Weekend,5
572,Festival,20
573,Festival,20
574,NewUser,25
575,FlashSale,20
576,NewUser,10
577,Festival,25
578,NewUser,10
579,FlashSale,25
580,NewUser,20
581,Weekend,5
582,NewUser,25
583,Referral,15
584,Festival,15
585,FlashSale,15
586,Festival,20
587,Festival,25
588,Weekend,20
589,Weekend,20
590,FlashSale,15
591,Referral,15
592,Weekend,15
593,FlashSale,20
594,NewUser,20
595,Weekend,5
596,Festival,15
597,NewUser,10
598,Weekend,5
599,Festival,5
600,Festival,10
601,NewUser,10
602,Referral,25
603,NewUser,5
604,Referral,5
605,Festival,25
606,NewUser,25
607,FlashSale,25
608,Weekend,10
609,NewUser,5
610,Festival,25
611,Weekend,20
612,Weekend,25
613,Festival,5
614,Referral,25
615,Referral,15
616,NewUser,15
617,Weekend,10
618,FlashSale,15
619,Weekend,15
620,FlashSale,20
621,NewUser,15
622,NewUser,20
623,NewUser,20
624,Weekend,10
625,Festival,20
626,NewUser,15
627,NewUser,10
628,Referral,15
629,Referral,5
630,Weekend,15
631,Festival,20
632,Festival,20
633,Weekend,15
634,Referral,20
635,Referral,25
636,NewUser,15
637,Referral,10
638,Weekend,25
639,Weekend,20
640,FlashSale,20
641,FlashSale,15
642,Referral,15
643,FlashSale,5
644,Referral,10
645,Weekend,20
646,NewUser,20
647,Referral,10
648,Festival,20
649,Festival,5
650,Weekend,10
651,FlashSale,15
652,Weekend,25
653,NewUser,10
654,NewUser,10
655,Referral,25
656,FlashSale,20
657,FlashSale,10
658,Weekend,20
659,FlashSale,15
660,Referral,10
661,Weekend,20
662,Referral,20
663,FlashSale,10
664,Referral,5
665,FlashSale,10
666,NewUser,15
667,Festival,20
668,NewUser,10
669,Referral,15
670,Festival,15
671,NewUser,15
672,Festival,5
673,NewUser,15
674,Referral,5
675,Festival,15
676,FlashSale,20
677,Weekend,10
678,Festival,25
679,Festival,20
680,FlashSale,20
681,Weekend,20
682,Referral,10
683,Referral,25
684,Referral,25
685,NewUser,20
686,Weekend,5
687,Festival,10
688,NewUser,25
689,Weekend,15
690,Festival,25
691,Festival,5
692,FlashSale,5
693,Festival,10
694,Weekend,15
695,NewUser,15
696,FlashSale,15
697,Weekend,10
698,FlashSale,5
699,Weekend,5
700,NewUser,25
701,Referral,5
702,Festival,5
703,Festival,10
704,Referral,20
705,FlashSale,10
706,Festival,5
707,NewUser,20
708,Festival,10
709,FlashSale,10
710,Weekend,25
711,FlashSale,10
712,Festival,20
713,Weekend,10
714,Festival,10
715,FlashSale,20
716,Weekend,10
717,Festival,15
718,Referral,25
719,Festival,25
720,FlashSale,15
721,NewUser,5
722,Weekend,20
723,Festival,20
724,FlashSale,10
725,Festival,10
726,Referral,25
727,Referral,15
728,Weekend,25
729,Weekend,15
730,FlashSale,20
731,FlashSale,20
732,Festival,15
733,Festival,20
734,NewUser,5
735,NewUser,10
736,NewUser,10
737,NewUser,20
738,NewUser,20
739,Referral,25
740,Weekend,10
741,Weekend,20
742,Weekend,10
743,Festival,10
744,Weekend,25
745,Weekend,15
746,Weekend,25
747,NewUser,20
748,Festival,20
749,NewUser,5
750,Festival,25
751,NewUser,25
752,NewUser,25
753,NewUser,20
754,Festival,15
755,Referral,25
756,FlashSale,25
757,Referral,15
758,Referral,15
759,Festival,25
760,NewUser,25
761,Referral,15
762,NewUser,20
763,Referral,10
764,Referral,25
765,Weekend,5
766,FlashSale,25
767,Festival,5
768,Festival,25
769,Festival,20
770,FlashSale,15
771,NewUser,5
772,NewUser,5
773,Festival,5
774,Festival,5
775,Referral,20
776,Weekend,5
777,Weekend,5
778,Festival,20
779,Festival,5
780,Weekend,20
781,NewUser,5
782,NewUser,5
783,Festival,10
784,NewUser,5
785,Festival,25
786,FlashSale,20
787,FlashSale,10
788,FlashSale,10
789,Referral,25
790,Weekend,5
791,NewUser,15
792,Referral,5
793,FlashSale,20
794,FlashSale,5
795,Weekend,10
796,Weekend,20
797,FlashSale,20
798,Referral,15
799,FlashSale,25
800,Festival,15
801,FlashSale,10
802,Festival,20
803,Referral,15
804,Referral,20
805,FlashSale,20
806,Festival,10
807,NewUser,20
808,FlashSale,15
809,Festival,10
810,FlashSale,5
811,Festival,15
812,Weekend,15
813,NewUser,15
814,Festival,15
815,Festival,5
816,FlashSale,10
817,NewUser,20
818,Referral,25
819,Festival,20
820,FlashSale,20
821,Referral,20
822,Weekend,10
823,Referral,25
824,FlashSale,20
825,Referral,10
826,Festival,5
827,FlashSale,5
828,Festival,15
829,NewUser,5
830,NewUser,25
831,Weekend,25
832,Weekend,25
833,Festival,10
834,FlashSale,5
835,Referral,20
836,Referral,25
837,Referral,5
838,FlashSale,5
839,FlashSale,10
840,NewUser,15
841,Weekend,20
842,Weekend,5
843,Referral,5
844,FlashSale,5
845,NewUser,10
846,Referral,15
847,Referral,15
848,Festival,20
849,FlashSale,10
850,Weekend,25
851,Weekend,25
852,FlashSale,5
853,Weekend,20
854,Festival,15
855,FlashSale,25
856,Referral,10
857,Weekend,25
858,Weekend,10
859,Weekend,25
860,Festival,5
861,Festival,15
862,Festival,20
863,FlashSale,15
864,FlashSale,25
865,Festival,5
866,NewUser,25
867,FlashSale,25
868,Weekend,25
869,Referral,10
870,Referral,5
871,NewUser,15
872,NewUser,10
873,NewUser,5
874,NewUser,5
875,Festival,25
876,NewUser,10
877,Referral,20
878,Referral,15
879,Festival,10
880,FlashSale,5
881,FlashSale,20
882,Referral,20
883,NewUser,15
884,NewUser,10
885,NewUser,10
886,FlashSale,5
887,Referral,25
888,FlashSale,5
889,NewUser,20
890,Festival,15
891,Festival,10
892,NewUser,20
893,Referral,20
894,Festival,25
895,Festival,10
896,FlashSale,5
897,Weekend,25
898,Weekend,25
899,FlashSale,5
900,Weekend,25
901,Festival,25
902,NewUser,10
903,Weekend,25
904,NewUser,20
905,Festival,25
906,Referral,10
907,Festival,15
908,Weekend,20
909,NewUser,10
910,Weekend,15
911,Weekend,15
912,FlashSale,5
913,Festival,15
914,Festival,10
915,Weekend,20
916,Weekend,20
917,Weekend,5
918,Referral,15
919,Festival,15
920,NewUser,25
921,NewUser,10
922,Festival,20
923,FlashSale,25
924,Festival,15
925,NewUser,10
926,FlashSale,5
927,NewUser,10
928,NewUser,15
929,Weekend,15
930,FlashSale,15
931,FlashSale,5
932,Referral,25
933,Festival,15
934,Festival,15
935,Weekend,5
936,NewUser,10
937,Referral,15
938,Weekend,5
939,Referral,5
940,Weekend,5
941,Festival,15
942,NewUser,10
943,Referral,25
944,Weekend,20
945,Referral,20
946,Referral,15
947,NewUser,20
948,FlashSale,25
949,FlashSale,25
950,Referral,25
951,Weekend,25
952,Referral,20
953,Festival,5
954,FlashSale,5
955,FlashSale,5
956,Festival,10
957,Festival,15
958,Festival,15
959,FlashSale,10
960,FlashSale,10
961,NewUser,5
962,Festival,20
963,Referral,15
964,Weekend,10
965,Referral,10
966,Weekend,25
967,Referral,5
968,Referral,15
969,Referral,10
970,FlashSale,20
971,Referral,20
972,Referral,10
973,NewUser,5
974,Festival,15
975,NewUser,25
976,FlashSale,20
977,FlashSale,5
978,Weekend,20
979,FlashSale,25
980,FlashSale,25
981,NewUser,10
982,FlashSale,10
983,FlashSale,20
984,FlashSale,10
985,Festival,15
986,Referral,10
987,FlashSale,5
988,Referral,20
989,FlashSale,10
990,Weekend,20
991,NewUser,20
992,Festival,10
993,Weekend,25
994,NewUser,20
995,FlashSale,5
996,NewUser,15
997,FlashSale,10
998,FlashSale,15
999,Festival,10
1000,NewUser,15
1001,NewUser,10
1002,FlashSale,20
1003,NewUser,10
1004,FlashSale,5
1005,Festival,25
1006,Festival,15
1007,Weekend,5
1008,NewUser,25
1009,Festival,15
1010,Festival,25
1011,NewUser,10
1012,Weekend,20
1013,FlashSale,10
1014,Weekend,25
1015,NewUser,25
1016,Referral,5
1017,NewUser,20
1018,FlashSale,15
1019,FlashSale,5
1020,NewUser,5
1021,Festival,10
1022,Weekend,5
1023,Festival,20
1024,NewUser,15
1025,FlashSale,25
1026,Festival,20
1027,NewUser,15
1028,Festival,5
1029,Weekend,5
1030,Weekend,15
1031,Referral,5
1032,Festival,20
1033,Festival,25
1034,Referral,10
1035,Weekend,5
1036,Referral,5
1037,NewUser,5
1038,FlashSale,15
1039,Weekend,25
1040,FlashSale,5
1041,Weekend,15
1042,FlashSale,15
1043,Festival,20
1044,FlashSale,20
1045,Referral,25
1046,NewUser,20
1047,FlashSale,20
1048,Referral,25
1049,Referral,20
1050,Weekend,20
1051,Weekend,5
1052,Festival,25
1053,Festival,20
1054,Referral,20
1055,Referral,10
1056,FlashSale,15
1057,Referral,25
1058,Weekend,10
1059,NewUser,25
1060,Weekend,20
1061,Referral,15
1062,Referral,25
1063,Festival,10
1064,NewUser,25
1065,Referral,20
1066,NewUser,10
1067,Festival,25
1068,NewUser,25
1069,Referral,25
1070,Weekend,25
1071,Referral,20
1072,FlashSale,10
1073,Weekend,5
1074,NewUser,20
1075,NewUser,25
1076,Referral,5
1077,Festival,15
1078,FlashSale,25
1079,Festival,20
1080,Weekend,20
1081,Weekend,20
1082,Referral,25
1083,NewUser,20
1084,FlashSale,10
1085,FlashSale,5
1086,Weekend,5
1087,Referral,10
1088,Weekend,15
1089,Referral,5
1090,Festival,15
1091,Weekend,10
1092,FlashSale,10
1093,Referral,15
1094,NewUser,15
1095,FlashSale,25
1096,FlashSale,25
1097,NewUser,5
1098,Referral,25
1099,NewUser,10
1100,FlashSale,5
1101,Weekend,15
1102,FlashSale,25
1103,NewUser,25
1104,Weekend,25
1105,Referral,15
1106,Festival,10
1107,FlashSale,10
1108,Weekend,15
1109,NewUser,10
1110,Referral,20
1111,Referral,5
1112,Festival,5
1113,Weekend,20
1114,FlashSale,10
1115,Weekend,25
1116,FlashSale,10
1117,Festival,10
1118,Weekend,10
1119,NewUser,10
1120,NewUser,10
1121,Referral,20
1122,FlashSale,25
1123,Festival,5
1124,FlashSale,25
1125,Referral,15
1126,Referral,5
1127,FlashSale,10
1128,NewUser,15
1129,FlashSale,20
1130,Weekend,15
1131,FlashSale,25
1132,Weekend,5
1133,Weekend,10
1134,Weekend,10
1135,NewUser,20
1136,Festival,20
1137,NewUser,10
1138,FlashSale,25
1139,NewUser,20
1140,Weekend,10
1141,NewUser,10
1142,Festival,5
1143,Referral,10
1144,Festival,5
1145,Referral,15
1146,FlashSale,10
1147,Referral,10
1148,FlashSale,15
1149,Weekend,25
1150,Referral,25
1151,Referral,25
1152,NewUser,15
1153,Weekend,5
1154,Weekend,20
1155,FlashSale,20
1156,Weekend,15
1157,Referral,5
1158,Weekend,10
1159,FlashSale,5
1160,Festival,25
1161,NewUser,10
1162,NewUser,20
1163,FlashSale,5
1164,Weekend,25
1165,NewUser,10
1166,Referral,5
1167,Festival,25
1168,FlashSale,5
1169,FlashSale,10
1170,NewUser,10
1171,FlashSale,5
1172,Weekend,10
1173,Weekend,10
1174,FlashSale,10
1175,Weekend,5
1176,FlashSale,10
1177,Referral,5
1178,NewUser,15
1179,Referral,10
1180,Referral,20
1181,Referral,5
1182,Festival,5
1183,Weekend,20
1184,Festival,25
1185,NewUser,20
1186,FlashSale,20
1187,Festival,5
1188,Festival,10
1189,NewUser,10
1190,NewUser,15
1191,FlashSale,20
1192,Weekend,5
1193,Festival,5
1194,Weekend,10
1195,NewUser,20
1196,Festival,20
1197,Weekend,15
1198,Referral,10
1199,Weekend,15
1200,Festival,20
1201,Festival,15
1202,Referral,10
1203,FlashSale,15
1204,Festival,5
1205,Weekend,25
1206,Festival,20
1207,Festival,25
1208,Referral,25
1209,NewUser,25
1210,Referral,25
1211,NewUser,10
1212,Weekend,25
1213,Festival,5
1214,Festival,20
1215,Festival,5
1216,Festival,25
1217,Festival,15
1218,NewUser,5
1219,Festival,10
1220,FlashSale,15
1221,Weekend,10
1222,Festival,10
1223,FlashSale,5
1224,NewUser,15
1225,Referral,10
1226,Weekend,10
1227,Weekend,5
1228,Weekend,15
1229,FlashSale,10
1230,FlashSale,25
1231,FlashSale,20
1232,Weekend,15
1233,Referral,25
1234,NewUser,20
1235,Festival,5
1236,Referral,5
1237,Festival,10
1238,Referral,25
1239,Referral,5
1240,NewUser,5
1241,Weekend,15
1242,Festival,25
1243,Weekend,20
1244,Festival,25
1245,Weekend,20
1246,Referral,25
1247,Festival,5
1248,Weekend,25
1249,Referral,5
1250,NewUser,10
1251,NewUser,5
1252,Festival,10
1253,Festival,20
1254,NewUser,10
1255,Festival,10
1256,Weekend,20
1257,Festival,15
1258,NewUser,5
1259,Referral,25
1260,Weekend,25
1261,Weekend,5
1262,FlashSale,10
1263,Weekend,10
1264,Festival,15
1265,FlashSale,20
1266,NewUser,20
1267,Festival,25
1268,NewUser,10
1269,Weekend,10
1270,Festival,15
1271,NewUser,20
1272,Weekend,5
1273,Referral,15
1274,Referral,5
1275,Referral,15
1276,FlashSale,10
1277,Weekend,20
1278,Referral,10
1279,FlashSale,5
1280,FlashSale,10
1281,Referral,15
1282,Weekend,25
1283,Weekend,25
1284,NewUser,15
1285,NewUser,15
1286,NewUser,10
1287,NewUser,15
1288,FlashSale,5
1289,NewUser,15
1290,NewUser,10
1291,Weekend,20
1292,NewUser,20
1293,NewUser,10
1294,NewUser,25
1295,FlashSale,20
1296,Festival,25
1297,Festival,25
1298,Referral,25
1299,Referral,5
1300,Referral,20
1301,Festival,20
1302,FlashSale,25
1303,FlashSale,25
1304,FlashSale,10
1305,NewUser,5
1306,Referral,15
1307,NewUser,15
1308,NewUser,5
1309,NewUser,15
1310,Referral,10
1311,Festival,25
1312,NewUser,15
1313,Festival,10
1314,Festival,5
1315,FlashSale,10
1316,FlashSale,20
1317,NewUser,10
1318,FlashSale,15
1319,NewUser,10
1320,Referral,20
1321,Festival,25
1322,Referral,10
1323,Referral,15
1324,Festival,10
1325,Festival,10
1326,FlashSale,15
1327,Referral,20
1328,FlashSale,15
1329,FlashSale,15
1330,Referral,5
1331,NewUser,15
1332,Weekend,5
1333,FlashSale,25
1334,Weekend,25
1335,Weekend,5
1336,FlashSale,25
1337,NewUser,5
1338,Referral,10
1339,Festival,15
1340,FlashSale,10
1341,Festival,10
1342,Referral,15
1343,Festival,10
1344,Festival,20
1345,Referral,5
1346,Festival,15
1347,FlashSale,25
1348,FlashSale,10
1349,Weekend,25
1350,NewUser,15
1351,Weekend,10
1352,NewUser,25
1353,FlashSale,5
1354,NewUser,10
1355,Referral,5
1356,NewUser,25
1357,NewUser,20
1358,FlashSale,25
1359,NewUser,5
1360,Referral,20
1361,Weekend,10
1362,NewUser,25
1363,Festival,10
1364,FlashSale,10
1365,Referral,25
1366,FlashSale,20
1367,FlashSale,5
1368,FlashSale,5
1369,Festival,15
1370,Festival,25
1371,NewUser,5
1372,NewUser,15
1373,Festival,10
1374,FlashSale,10
1375,NewUser,10
1376,Weekend,15
1377,Weekend,10
1378,NewUser,15
1379,Weekend,10
1380,NewUser,10
1381,NewUser,20
1382,FlashSale,10
1383,Weekend,20
1384,Festival,25
1385,Weekend,25
1386,Weekend,20
1387,Weekend,5
1388,NewUser,15
1389,Referral,5
1390,NewUser,15
1391,Festival,5
1392,Referral,5
1393,Festival,20
1394,Festival,15
1395,Referral,10
1396,Weekend,5
1397,FlashSale,10
1398,NewUser,10
1399,FlashSale,20
1400,Festival,10
1401,NewUser,20
1402,Referral,20
1403,NewUser,10
1404,Referral,15
1405,Referral,15
1406,FlashSale,15
1407,FlashSale,25
1408,Weekend,25
1409,Weekend,10
1410,Festival,25
1411,Referral,25
1412,Festival,20
1413,Referral,25
1414,Referral,5
1415,Festival,25
1416,Referral,25
1417,NewUser,5
1418,Weekend,5
1419,Festival,25
1420,FlashSale,20
1421,Weekend,25
1422,Weekend,10
1423,Referral,15
1424,NewUser,5
1425,FlashSale,5
1426,NewUser,10
1427,Weekend,25
1428,Weekend,20
1429,FlashSale,15
1430,Festival,5
1431,NewUser,20
1432,Weekend,20
1433,Festival,25
1434,NewUser,20
1435,NewUser,10
1436,Referral,10
1437,Referral,10
1438,Weekend,10
1439,FlashSale,10
1440,FlashSale,15
1441,Referral,5
1442,Referral,25
1443,Referral,25
1444,NewUser,25
1445,FlashSale,10
1446,Weekend,5
1447,Referral,5
1448,FlashSale,20
1449,FlashSale,25
1450,FlashSale,5
1451,NewUser,20
1452,NewUser,5
1453,Referral,20
1454,NewUser,15
1455,Festival,5
1456,Weekend,20
1457,Referral,15
1458,NewUser,25
1459,Referral,5
1460,NewUser,20
1461,Weekend,15
1462,Festival,15
1463,Weekend,20
1464,Festival,10
1465,Festival,20
1466,FlashSale,15
1467,Referral,20
1468,NewUser,5
1469,FlashSale,10
1470,Festival,10
1471,NewUser,25
1472,Referral,5
1473,Referral,20
1474,Festival,10
1475,Weekend,10
1476,NewUser,5
1477,Festival,15
1478,Weekend,5
1479,Weekend,25
1480,FlashSale,20
1481,NewUser,25
1482,Weekend,15
1483,Weekend,15
1484,FlashSale,15
1485,Referral,5
1486,Referral,25
1487,Weekend,20
1488,NewUser,20
1489,Referral,25
1490,FlashSale,25
1491,Referral,10
1492,FlashSale,25
1493,FlashSale,10
1494,NewUser,5
1495,Festival,25
1496,Festival,20
1497,Festival,25
1498,Festival,15
1499,FlashSale,10
1500,Referral,5
1501,Referral,5
1502,Weekend,5
1503,Weekend,15
1504,NewUser,5
1505,FlashSale,10
1506,Festival,15
1507,Festival,25
1508,Weekend,5
1509,Festival,25
1510,NewUser,15
1511,FlashSale,10
1512,FlashSale,20
1513,Festival,20
1514,Weekend,25
1515,Weekend,15
1516,Referral,5
1517,Weekend,25
1518,FlashSale,15
1519,FlashSale,10
1520,Festival,25
1521,Weekend,10
1522,Weekend,15
1523,FlashSale,25
1524,Referral,15
1525,NewUser,20
1526,Festival,15
1527,FlashSale,25
1528,FlashSale,10
1529,NewUser,10
1530,Festival,5
1531,Referral,10
1532,Referral,15
1533,Referral,10
1534,FlashSale,10
1535,Referral,5
1536,Festival,10
1537,Weekend,10
1538,NewUser,10
1539,FlashSale,20
1540,Referral,20
1541,Referral,5
1542,NewUser,10
1543,Festival,15
1544,Referral,10
1545,Festival,25
1546,Weekend,20
1547,Festival,5
1548,Referral,25
1549,FlashSale,20
1550,Festival,5
1551,FlashSale,25
1552,Weekend,15
1553,FlashSale,25
1554,NewUser,25
1555,Referral,20
1556,Weekend,15
1557,FlashSale,25
1558,Referral,20
1559,FlashSale,20
1560,FlashSale,25
1561,Referral,15
1562,NewUser,10
1563,FlashSale,5
1564,Festival,25
1565,Referral,15
1566,FlashSale,15
1567,Weekend,10
1568,NewUser,25
1569,FlashSale,15
1570,Referral,5
1571,FlashSale,10
1572,Referral,20
1573,Referral,20
1574,Festival,5
1575,Referral,10
1576,Weekend,15
1577,Weekend,20
1578,Referral,20
1579,Festival,15
1580,NewUser,10
1581,NewUser,15
1582,Weekend,5
1583,Referral,5
1584,NewUser,15
1585,FlashSale,25
1586,Weekend,10
1587,Festival,5
1588,NewUser,20
1589,Festival,5
1590,Weekend,25
1591,Weekend,25
1592,Referral,10
1593,FlashSale,20
1594,Referral,25
1595,Referral,5
1596,NewUser,10
1597,Weekend,25
1598,FlashSale,10
1599,Festival,15
1600,Festival,15
1601,FlashSale,25
1602,Festival,10
1603,Referral,10
1604,Referral,15
1605,Referral,5
1606,NewUser,20
1607,Festival,20
1608,Weekend,5
1609,Festival,10
1610,Referral,20
1611,Referral,25
1612,FlashSale,10
1613,FlashSale,5
1614,NewUser,15
1615,Referral,20
1616,FlashSale,25
1617,Referral,15
1618,FlashSale,5
1619,Festival,5
1620,Festival,25
1621,NewUser,5
1622,Referral,5
1623,Weekend,5
1624,Referral,20
1625,Weekend,20
1626,Festival,10
1627,NewUser,15
1628,FlashSale,10
1629,NewUser,20
1630,Weekend,15
1631,Festival,5
1632,Weekend,10
1633,FlashSale,15
1634,FlashSale,20
1635,Referral,15
1636,FlashSale,25
1637,Festival,10
1638,Weekend,5
1639,Festival,25
1640,FlashSale,20
1641,Referral,15
1642,Referral,15
1643,Weekend,25
1644,NewUser,5
1645,FlashSale,10
1646,FlashSale,10
1647,Weekend,10
1648,Weekend,10
1649,FlashSale,20
1650,FlashSale,20
1651,FlashSale,5
1652,Referral,20
1653,NewUser,15
1654,Weekend,5
1655,Weekend,20
1656,Festival,15
1657,Referral,25
1658,Festival,25
1659,NewUser,20
1660,NewUser,10
1661,FlashSale,25
1662,NewUser,20
1663,FlashSale,20
1664,Festival,20
1665,Referral,25
1666,Referral,5
1667,Weekend,10
1668,NewUser,20
1669,Referral,25
1670,NewUser,5
1671,Referral,5
1672,Referral,20
1673,FlashSale,25
1674,FlashSale,25
1675,NewUser,10
1676,Weekend,25
1677,Festival,10
1678,FlashSale,15
1679,Festival,15
1680,FlashSale,20
1681,NewUser,15
1682,Weekend,25
1683,Referral,20
1684,NewUser,15
1685,Festival,10
1686,Referral,20
1687,FlashSale,20
1688,Festival,5
1689,Festival,10
1690,FlashSale,25
1691,NewUser,25
1692,FlashSale,15
1693,Referral,20
1694,Referral,15
1695,Referral,20
1696,FlashSale,20
1697,Referral,20
1698,NewUser,25
1699,FlashSale,25
1700,FlashSale,20
1701,Festival,20
1702,Weekend,10
1703,Festival,10
1704,FlashSale,5
1705,Festival,15
1706,Festival,25
1707,Weekend,25
1708,NewUser,10
1709,Referral,5
1710,Referral,20
1711,Festival,10
1712,Weekend,15
1713,Referral,25
1714,FlashSale,20
1715,NewUser,5
1716,NewUser,5
1717,Referral,10
1718,NewUser,20
1719,Weekend,15
1720,Referral,10
1721,FlashSale,10
1722,FlashSale,15
1723,NewUser,10
1724,FlashSale,25
1725,Weekend,15
1726,NewUser,25
1727,Referral,10
1728,Festival,20
1729,Weekend,15
1730,NewUser,20
1731,FlashSale,15
1732,NewUser,5
1733,Referral,10
1734,Weekend,5
1735,Referral,25
1736,Referral,15
1737,Referral,15
1738,Referral,20
1739,Referral,20
1740,Weekend,5
1741,NewUser,15
1742,NewUser,25
1743,NewUser,10
1744,FlashSale,25
1745,Weekend,25
1746,FlashSale,10
1747,Referral,20
1748,Festival,5
1749,Festival,25
1750,Festival,20
1751,Festival,20
1752,Festival,10
1753,Festival,10
1754,FlashSale,25
1755,NewUser,20
1756,Festival,20
1757,FlashSale,10
1758,Festival,5
1759,Referral,10
1760,FlashSale,25
1761,Weekend,5
1762,NewUser,5
1763,Referral,15
1764,NewUser,10
1765,Festival,10
1766,NewUser,15
1767,FlashSale,5
1768,FlashSale,15
1769,Weekend,25
1770,NewUser,15
1771,Weekend,15
1772,Referral,25
1773,Weekend,15
1774,FlashSale,15
1775,NewUser,15
1776,Weekend,25
1777,Weekend,25
1778,Festival,5
1779,Weekend,15
1780,Weekend,10
1781,Festival,10
1782,NewUser,25
1783,Referral,15
1784,NewUser,5
1785,Referral,20
1786,Referral,10
1787,Festival,15
1788,FlashSale,20
1789,Referral,15
1790,Weekend,5
1791,Festival,5
1792,Festival,25
1793,Festival,5
1794,Weekend,25
1795,Weekend,15
1796,Weekend,20
1797,Referral,5
1798,Weekend,10
1799,Weekend,15
1800,Weekend,10
1801,Referral,20
1802,FlashSale,15
1803,NewUser,15
1804,Weekend,5
1805,Weekend,25
1806,Referral,5
1807,NewUser,25
1808,NewUser,15
1809,FlashSale,25
1810,Referral,10
1811,NewUser,5
1812,Weekend,10
1813,Referral,10
1814,FlashSale,25
1815,Festival,5
1816,Festival,15
1817,Festival,20
1818,FlashSale,20
1819,Festival,25
1820,Festival,10
1821,FlashSale,25
1822,Referral,5
1823,FlashSale,5
1824,Festival,5
1825,Festival,10
1826,Festival,20
1827,Weekend,10
1828,NewUser,25
1829,NewUser,20
1830,Weekend,5
1831,NewUser,25
1832,Weekend,15
1833,Weekend,20
1834,NewUser,10
1835,NewUser,10
1836,Weekend,5
1837,Festival,15
1838,Festival,10
1839,NewUser,15
1840,Weekend,15
1841,FlashSale,5
1842,FlashSale,5
1843,Festival,25
1844,Weekend,15
1845,NewUser,15
1846,Weekend,15
1847,FlashSale,5
1848,Referral,15
1849,Weekend,20
1850,Weekend,10
1851,NewUser,10
1852,NewUser,5
1853,NewUser,5
1854,Festival,15
1855,NewUser,25
1856,NewUser,10
1857,NewUser,10
1858,Referral,5
1859,NewUser,20
1860,NewUser,20
1861,Weekend,5
1862,Weekend,20
1863,NewUser,25
1864,Festival,5
1865,Weekend,15
1866,Weekend,5
1867,Weekend,20
1868,Referral,5
1869,Weekend,10
1870,Weekend,15
1871,Weekend,20
1872,NewUser,5
1873,NewUser,15
1874,Festival,20
1875,Festival,20
1876,Referral,5
1877,Referral,15
1878,FlashSale,20
1879,NewUser,5
1880,NewUser,10
1881,Weekend,15
1882,Referral,5
1883,FlashSale,25
1884,FlashSale,5
1885,Referral,10
1886,Weekend,10
1887,Weekend,20
1888,Festival,10
1889,Festival,25
1890,Weekend,5
1891,NewUser,25
1892,Festival,20
1893,FlashSale,5
1894,Weekend,5
1895,Festival,10
1896,Festival,5
1897,Festival,10
1898,Referral,5
1899,NewUser,20
1900,Festival,10
1901,NewUser,25
1902,Weekend,20
1903,Weekend,10
1904,FlashSale,15
1905,FlashSale,15
1906,Weekend,10
1907,Festival,5
1908,FlashSale,10
1909,Festival,25
1910,FlashSale,5
1911,FlashSale,10
1912,Festival,20
1913,FlashSale,5
1914,Referral,15
1915,Festival,20
1916,Festival,25
1917,Festival,25
1918,Weekend,10
1919,Weekend,15
1920,Referral,10
1921,Festival,20
1922,Festival,20
1923,Weekend,5
1924,Referral,15
1925,NewUser,25
1926,Weekend,5
1927,NewUser,10
1928,Weekend,5
1929,Festival,15
1930,NewUser,5
1931,FlashSale,5
1932,NewUser,5
1933,FlashSale,10
1934,Weekend,10
1935,FlashSale,25
1936,NewUser,10
1937,Festival,10
1938,Weekend,5
1939,Weekend,5
1940,Festival,5
1941,FlashSale,5
1942,NewUser,10
1943,Referral,10
1944,FlashSale,5
1945,Festival,10
1946,Festival,20
1947,Festival,10
1948,NewUser,20
1949,Festival,20
1950,NewUser,25
1951,FlashSale,20
1952,Weekend,5
1953,Festival,5
1954,Referral,25
1955,Weekend,15
1956,Weekend,15
1957,Weekend,5
1958,Festival,5
1959,Weekend,20
1960,Weekend,15
1961,Weekend,10
1962,FlashSale,25
1963,Festival,5
1964,NewUser,25
1965,Referral,5
1966,Referral,5
1967,Festival,20
1968,Referral,20
1969,NewUser,20
1970,Referral,20
1971,NewUser,20
1972,Referral,15
1973,FlashSale,10
1974,NewUser,5
1975,Weekend,5
1976,NewUser,10
1977,FlashSale,20
1978,NewUser,10
1979,Festival,15
1980,Festival,5
1981,FlashSale,5
1982,Weekend,5
1983,Festival,15
1984,Festival,5
1985,FlashSale,15
1986,Festival,5
1987,Referral,20
1988,NewUser,25
1989,FlashSale,5
1990,NewUser,25
1991,Weekend,15
1992,Weekend,20
1993,Weekend,25
1994,Weekend,20
1995,Referral,15
1996,Weekend,15
1997,Referral,15
1998,FlashSale,15
1999,Referral,25
2000,Festival,10
